Car Name,Href
Acura Auctions,https://www.kickdown.com/en/brands/acura
AMC Auctions,https://www.kickdown.com/en/brands/amc
Ariel Auctions,https://www.kickdown.com/en/brands/ariel
Aston Martin Auctions,https://www.kickdown.com/en/brands/aston+martin
Austin-Healey Auctions,https://www.kickdown.com/en/brands/austin-healey
Autobianchi Auctions,https://www.kickdown.com/en/brands/autobianchi
Bentley Auctions,https://www.kickdown.com/en/brands/bentley
BSA Auctions,https://www.kickdown.com/en/brands/bsa
Buick Auctions,https://www.kickdown.com/en/brands/buick
Cadillac Auctions,https://www.kickdown.com/en/brands/cadillac
Chevrolet Auctions,https://www.kickdown.com/en/brands/chevrolet
Chrysler Auctions,https://www.kickdown.com/en/brands/chrysler
Citroen Auctions,https://www.kickdown.com/en/brands/citroen
Datsun Auctions,https://www.kickdown.com/en/brands/datsun
DeLorean Auctions,https://www.kickdown.com/en/brands/delorean
DeTomaso Auctions,https://www.kickdown.com/en/brands/detomaso
Dodge Auctions,https://www.kickdown.com/en/brands/dodge
Ducati Auctions,https://www.kickdown.com/en/brands/ducati
Ferrari Auctions,https://www.kickdown.com/en/brands/ferrari
Fiat Auctions,https://www.kickdown.com/en/brands/fiat
GMC Auctions,https://www.kickdown.com/en/brands/gmc
Harley-Davidson Auctions,https://www.kickdown.com/en/brands/harley-davidson
Honda Auctions,https://www.kickdown.com/en/brands/honda
Isuzu Auctions,https://www.kickdown.com/en/brands/isuzu
Jeep Auctions,https://www.kickdown.com/en/brands/jeep
Jensen Auctions,https://www.kickdown.com/en/brands/jensen
Lamborghini Auctions,https://www.kickdown.com/en/brands/lamborghini
Lancia Auctions,https://www.kickdown.com/en/brands/lancia
Land Rover Auctions,https://www.kickdown.com/en/brands/land+rover
Lexus Auctions,https://www.kickdown.com/en/brands/lexus
Lincoln Auctions,https://www.kickdown.com/en/brands/lincoln
Lola Auctions,https://www.kickdown.com/en/brands/lola
Lotus Auctions,https://www.kickdown.com/en/brands/lotus
Marcos Auctions,https://www.kickdown.com/en/brands/marcos
Maserati Auctions,https://www.kickdown.com/en/brands/maserati
Mazda Auctions,https://www.kickdown.com/en/brands/mazda
McLaren Auctions,https://www.kickdown.com/en/brands/mclaren
Mercury Auctions,https://www.kickdown.com/en/brands/mercury
MG Auctions,https://www.kickdown.com/en/brands/mg
Mini Auctions,https://www.kickdown.com/en/brands/mini
Mitsubishi Auctions,https://www.kickdown.com/en/brands/mitsubishi
Morgan Auctions,https://www.kickdown.com/en/brands/morgan
Nissan Auctions,https://www.kickdown.com/en/brands/nissan
Oldsmobile Auctions,https://www.kickdown.com/en/brands/oldsmobile
Opel Auctions,https://www.kickdown.com/en/brands/opel
Packard Auctions,https://www.kickdown.com/en/brands/packard
Peugeot Auctions,https://www.kickdown.com/en/brands/peugeot
Pinzgauer Auctions,https://www.kickdown.com/en/brands/pinzgauer
Plymouth Auctions,https://www.kickdown.com/en/brands/plymouth
Pontiac Auctions,https://www.kickdown.com/en/brands/pontiac
Radical Auctions,https://www.kickdown.com/en/brands/radical
Renault Auctions,https://www.kickdown.com/en/brands/renault
Rolls-Royce Auctions,https://www.kickdown.com/en/brands/rolls-royce
Saab Auctions,https://www.kickdown.com/en/brands/saab
Shelby Auctions,https://www.kickdown.com/en/brands/shelby
Studebaker Auctions,https://www.kickdown.com/en/brands/studebaker
Subaru Auctions,https://www.kickdown.com/en/brands/subaru
Sunbeam Auctions,https://www.kickdown.com/en/brands/sunbeam
Suzuki Auctions,https://www.kickdown.com/en/brands/suzuki
Tesla Auctions,https://www.kickdown.com/en/brands/tesla
Toyota Auctions,https://www.kickdown.com/en/brands/toyota
Triumph Auctions,https://www.kickdown.com/en/brands/triumph
TVR Auctions,https://www.kickdown.com/en/brands/tvr
Volvo Auctions,https://www.kickdown.com/en/brands/volvo
Willys Auctions,https://www.kickdown.com/en/brands/willys
Other Auctions,https://www.kickdown.com/en/brands/other
Alfa Romeo auctions,https://www.kickdown.com/en/brands/alfa+romeo
Audi Auctions,https://www.kickdown.com/en/brands/audi
BMW Auctions,https://www.kickdown.com/en/brands/bmw
Ford Auctions,https://www.kickdown.com/en/brands/ford
Jaguar Auctions,https://www.kickdown.com/en/brands/jaguar
Mercedes Benz Auctions,https://www.kickdown.com/en/brands/mercedes+benz
Porsche Auctions,https://www.kickdown.com/en/brands/porsche
Volkswagen Auctions,https://www.kickdown.com/en/brands/volkswagen
