https://www.kickdown.com/en/postings/0e4b8a80520c-1971-amc-javelin-sst-in-hamburg,https://www.kickdown.com/en/postings/9e6de5ab8592-1972-amc-javelin-sst-in-de-45149-essen
https://www.kickdown.com/en/postings/e87783eeb2d7-2003-aston-martin-db7-gta-in-53842-troisdorf,https://www.kickdown.com/en/postings/207d444bd744-2003-aston-martin-db7-in-28870-ottersberg,https://www.kickdown.com/en/postings/1123f65e1d52-2008-aston-martin-db9-in-70173-stuttgart,https://www.kickdown.com/en/postings/1123f65e1d52-2008-aston-martin-db9-in-70173-stuttgart,https://www.kickdown.com/en/postings/f3c222669745-2006-aston-martin-db9-in-96465-neustadt,https://www.kickdown.com/en/postings/3d6f4274ca8a-2009-aston-martin-rapide-in-hamburg,https://www.kickdown.com/en/postings/6aaa759f559f-2012-aston-martin-virage-in-73642-welzheim
https://www.kickdown.com/en/postings/027e85b42492-1967-austin-healey-3000-mk3-in-de-57399-kirchhundem,https://www.kickdown.com/en/postings/a49ac64c9bf6-1957-austin-healey-100-6bn4-in-de-12203-berlin,https://www.kickdown.com/en/postings/47d5ffe61775-1967-austin-healey-mk3-in-52146-wuerselen,https://www.kickdown.com/en/postings/07f054d23fa8-1967-austin-healey-mk3-bj8-in-47626-kevelaer,https://www.kickdown.com/en/postings/70e85a492128-1966-austin-healey-mk3-in-32289-roedinghausen,https://www.kickdown.com/en/postings/6427bec9ce9d-1958-austin-healey-bn4-100-6-in-91710-gunzenhausen,https://www.kickdown.com/en/postings/656883ae2dcc-1960-austin-healey-sprite-mark-1-in-de-76646-untergrombach,https://www.kickdown.com/en/postings/0f3e21dde7e7-1961-austin-healey-speedwell-in-45149-essen
https://www.kickdown.com/en/postings/c93ccf36e292-1974-autobianchi-a112-in-25421-pinneberg,https://www.kickdown.com/en/postings/4099215d9f13-1963-autobianchi-panoramica-in-86150-augsburg
https://www.kickdown.com/en/postings/5bca1a2111fd-1999-bentley-arnage-in-1020-wien,https://www.kickdown.com/en/postings/c278a73e45b9-1974-bentley-t1-in-51069-koeln,https://www.kickdown.com/en/postings/267566d1e456-2010-bentley-continental-in-75173-pforzheim,https://www.kickdown.com/en/postings/8572605158c5-2005-bentley-continental-gt-in-75173-pforzheim,https://www.kickdown.com/en/postings/7a4a05968544-1985-bentley-eight-in-hamburg,https://www.kickdown.com/en/postings/fe7dfc8d293c-1988-bentley-eight-in-oberhausen,https://www.kickdown.com/en/postings/d7368c9fb33a-1985-bentley-eight-in-hamburg,https://www.kickdown.com/en/postings/4a704c2f0099-1947-bentley-mark-vi-in-69126-heidelberg,https://www.kickdown.com/en/postings/ce1c2a44b957-1962-bentley-s2-in-thale
https://www.kickdown.com/en/postings/0085eb232b41-1941-buick-special-4-0l-in-odense
https://www.kickdown.com/en/postings/aa66ad37725c-1992-cadillac-eldorado-in-26904-boerger,https://www.kickdown.com/en/postings/cf29f94f813a-2015-cadillac-escalade-in-86150-augsburg,https://www.kickdown.com/en/postings/c66bbf5a5fa1-1987-cadillac-fleetwood-brougham-in-49838-lengerich-ems,https://www.kickdown.com/en/postings/5896aea40be9-1973-cadillac-fleetwood-eldorado-in-12489-berlin,https://www.kickdown.com/en/postings/e00193285750-1953-cadillac-serie-62-in-49377-vechta,https://www.kickdown.com/en/postings/c9102caade87-2006-cadillac-xlr-v-in-50189-elsdorf
https://www.kickdown.com/en/postings/5f7e449fb089-1973-chevrolet-c3-in-22927-grosshansdorf,https://www.kickdown.com/en/postings/6db3e61e9c21-1959-chevrolet-3200-apache-pick-up-in-boeblingen,https://www.kickdown.com/en/postings/e37333e6f9f9-1958-chevrolet-bel-air-in-80331-muenchen,https://www.kickdown.com/en/postings/9f0178d69207-1956-chevrolet-bel-air-in-wedemark,https://www.kickdown.com/en/postings/18b1edf94be2-1977-chevrolet-chevelle-malibu-in-76139-karlsruhe,https://www.kickdown.com/en/postings/5c55b51762a3-1966-chevrolet-c2-in-86150-augbsurg,https://www.kickdown.com/en/postings/3fccb4a415ae-1964-chevrolet-corvette-in-86152-augsburg,https://www.kickdown.com/en/postings/eae06e3381b5-1969-chevrolet-corvette-in-13086-berlin,https://www.kickdown.com/en/postings/a7a540130d0d-1979-chevrolet-c3-in-22769-hamburg,https://www.kickdown.com/en/postings/b6fbb358365e-1980-chevrolet-corvette-c3-5-7l-v8-in-85716-unterschleissheim,https://www.kickdown.com/en/postings/50dd1db89ec4-1992-chevrolet-c4-in-30855-langenhagen,https://www.kickdown.com/en/postings/5cecc1d88f9f-2003-chevrolet-c5-in-66701-beckingen,https://www.kickdown.com/en/postings/dc05eb1cead5-2019-chevrolet-z06-c7-in-21465-reinbek,https://www.kickdown.com/en/postings/2cd2b5f7040a-2006-chevrolet-z06-in-79541-loerrach,https://www.kickdown.com/en/postings/b3a765607428-1992-chevrolet-c4-in-hechingen
https://www.kickdown.com/en/postings/935ccf1df2c8-1980-chrysler-cordoba-in-31134-hildesheim,https://www.kickdown.com/en/postings/91a1dfe44170-1936-chrysler-airstream-in-72622-nuertingen,https://www.kickdown.com/en/postings/9fbd23ec2d24-1977-chrysler-new-yorker-in-1190-wien
https://www.kickdown.com/en/postings/7675bf28e62b-1966-citroen-id-19-in-51766-engelskirchen,https://www.kickdown.com/en/postings/ac00c3bc12e1-1985-citroen-2cv-in-66117-saarbruecken,https://www.kickdown.com/en/postings/ffe442e9c656-1968-citroen-ami-6-break-in-hamburg,https://www.kickdown.com/en/postings/a3f01b78cb92-1952-citroen-11cv-legere-in-heidenau,https://www.kickdown.com/en/postings/a3f01b78cb92-1952-citroen-11cv-legere-in-heidenau,https://www.kickdown.com/en/postings/e7730da8545b-1988-citroen-cx-in-21258-heidenau,https://www.kickdown.com/en/postings/25df13928f0c-1984-citroen-cx-in-44359-dortmund,https://www.kickdown.com/en/postings/d57c57482d28-1978-citroen-citroen-dyane-6-in-saarbruecken,https://www.kickdown.com/en/postings/ea47fef30972-1979-citroen-ente-in-49084-osnabrueck,https://www.kickdown.com/en/postings/5f6b7fce7c9f-1972-citroen-sm-in-heidenau,https://www.kickdown.com/en/postings/5f6b7fce7c9f-1972-citroen-sm-in-heidenau
https://www.kickdown.com/en/postings/111f1fee97c8-1974-datsun-260z-in-hamburg,https://www.kickdown.com/en/postings/4a1d78ae28df-1974-datsun-260-z-in-hamburg,https://www.kickdown.com/en/postings/a68b500c6234-1978-datsun-cherry-in-40764-langenfeld,https://www.kickdown.com/en/postings/6628d226b40a-1977-datsun-280-z-in-pforzheim
https://www.kickdown.com/en/postings/f243644ae670-1981-delorean-dmc-12-in-86199-augsburg,https://www.kickdown.com/en/postings/f243644ae670-1981-delorean-dmc-12-in-86199-augsburg
https://www.kickdown.com/en/postings/2eff29ef13c4-1973-detomaso-longchamp-in-chiemgau
https://www.kickdown.com/en/postings/a73a4af9d396-2012-dodge-challenger-in-66129-saarbruecken,https://www.kickdown.com/en/postings/62cce672309c-1968-dodge-charger-in-86150-augbsurg,https://www.kickdown.com/en/postings/695a30adbf46-1970-dodge-dart-gt-in-21035-hamburg,https://www.kickdown.com/en/postings/f7137aabe18e-1938-dodge-dart-d8-in-40233-duesseldorf,https://www.kickdown.com/en/postings/3a965306f21b-2007-dodge-viper-in-at-8010-graz
https://www.kickdown.com/en/postings/2a66eeda86a4-2001-ducati-stb1-in-31134-hildesheim,https://www.kickdown.com/en/postings/5b7724a6a3c2-2002-ducati-monster-in-67434-neustadt,https://www.kickdown.com/en/postings/87e8f1b3667b-2017-ducati-panigale-superleggera-1199-in-de-84359-simbach
https://www.kickdown.com/en/postings/12d6a105b1e4-1987-ferrari-412-in-90451-nuernberg,https://www.kickdown.com/en/postings/8614961ef76d-1994-ferrari-456-in-22453-hamburg,https://www.kickdown.com/en/postings/67a51fffae56-1998-ferrari-ferrari-456-gta-in-pforzheim,https://www.kickdown.com/en/postings/67a51fffae56-1998-ferrari-ferrari-456-gta-in-pforzheim,https://www.kickdown.com/en/postings/c639a6590913-2005-ferrari-575-in-oberhausen,https://www.kickdown.com/en/postings/ec5ceeb394c9-2005-ferrari-575-maranello-in-52249-eschweiler,https://www.kickdown.com/en/postings/aa9aad55b3de-2006-ferrari-612-scaglietti-in-waalwijk,https://www.kickdown.com/en/postings/b21e60b17c56-1977-ferrari-208-in-8055-graz,https://www.kickdown.com/en/postings/77e1ee6c3fd8-1996-ferrari-f355-berlinetta-in-goettingen,https://www.kickdown.com/en/postings/6abb9ff45ca5-1997-ferrari-f355-in-coburg,https://www.kickdown.com/en/postings/e9220a6a4194-2005-ferrari-f430-manual-in-goettingen,https://www.kickdown.com/en/postings/268678825c2f-2007-ferrari-f430-spider-in-boeblingen,https://www.kickdown.com/en/postings/0213b9e3513b-2005-ferrari-f430-spider-in-66900-nykarleby,https://www.kickdown.com/en/postings/780cb37a58cc-1985-ferrari-mondial-quattrovalvole-in-berlin,https://www.kickdown.com/en/postings/47ae902fabc2-1994-ferrari-mondial-in-duesseldorf,https://www.kickdown.com/en/postings/8e2c4b65bfc1-1982-ferrari-mondial-in-86150-augsburg
https://www.kickdown.com/en/postings/eadb554a823b-1971-fiat-500l-in-de-42349-wuppertal,https://www.kickdown.com/en/postings/55d517ef9185-1963-fiat-500-d-trasformabile-in-35633-lahnau,https://www.kickdown.com/en/postings/3dbac5decb53-1970-fiat-500-in-92353-postbauer-heng,https://www.kickdown.com/en/postings/89c90a62a8a1-0-fiat-500l-in-86150-augsburg,https://www.kickdown.com/en/postings/f4aaf2c1d7bb-1973-fiat-124-csa-abarth-rally-in-de-68535-edingen,https://www.kickdown.com/en/postings/832d42c64a6f-1978-fiat-124-in-96476-bad-rodach,https://www.kickdown.com/en/postings/31b8567bf8e0-1967-fiat-124-sport-coupe-in-leipzig,https://www.kickdown.com/en/postings/45f52b2e196f-1971-fiat-125-in-53639-koenigswinter,https://www.kickdown.com/en/postings/44ea7bc966b4-1977-fiat-fiat-1300-e-in-ludwigsburg,https://www.kickdown.com/en/postings/004e6401c709-1977-fiat-131-mirafiori-1300-in-86150-augsburg,https://www.kickdown.com/en/postings/6d410d67b504-1952-fiat-500-c-topolino-in-ch-8864-reichenburg,https://www.kickdown.com/en/postings/631df175ed8b-1973-fiat-500-f-in-berlin,https://www.kickdown.com/en/postings/631df175ed8b-1973-fiat-500-f-in-berlin,https://www.kickdown.com/en/postings/d38cefc75ca1-1971-fiat-500-in-60386-frankfurt,https://www.kickdown.com/en/postings/84c268b2fa60-1970-fiat-500-l-in-50354-huerth,https://www.kickdown.com/en/postings/f1bc51862b29-1966-fiat-500-modell-f-in-duesseldorf,https://www.kickdown.com/en/postings/243457283b13-1979-fiat-900t-in-86150-augsburg,https://www.kickdown.com/en/postings/06d23d26a85d-1974-fiat-abarth-128-in-57368-lennestadt,https://www.kickdown.com/en/postings/4c4cbd1317ba-1987-fiat-x1-9-as128-in-hildesheim,https://www.kickdown.com/en/postings/4c4cbd1317ba-1987-fiat-x1-9-as128-in-hildesheim,https://www.kickdown.com/en/postings/39c956e38b01-1960-fiat-multipla-in-48720-rosendahl,https://www.kickdown.com/en/postings/4087784940cc-1963-fiat-500-d-in-de-77694-kehl,https://www.kickdown.com/en/postings/7673c486cbb2-1987-fiat-panda-4x4-sisley-in-95632-wunsiedel,https://www.kickdown.com/en/postings/4e7e0873423d-1992-fiat-panda-in-04157-leipzig,https://www.kickdown.com/en/postings/5a551abf1bee-1993-fiat-panda-in-93080-pentling,https://www.kickdown.com/en/postings/3a315dbebf1d-1988-fiat-regata-90-sx-in-frankfurt-am-main
https://www.kickdown.com/en/postings/240aa0260438-1970-gmc-k-20-in-76139-karlsruhe
https://www.kickdown.com/en/postings/93b33e772a3e-0-harley-davidson-0-in-65604-elz,https://www.kickdown.com/en/postings/fc709b42ffed-2015-harley-davidson-custom-in-4343-mitterkirchen,https://www.kickdown.com/en/postings/7646ed6ac883-2001-harley-davidson-harley-davidson-xl-883-in-duesseldorf
https://www.kickdown.com/en/postings/494dd3dd8cd6-1985-honda-crx-1-5-i-in-moenchengladbach,https://www.kickdown.com/en/postings/606ce82531be-1976-honda-kraft-gl-1000-in-51702-bergneustadt
https://www.kickdown.com/en/postings/db4ee9861cd0-1997-jeep-wrangler-in-75172-pforzheim
https://www.kickdown.com/en/postings/b9178de5c77e-1976-jensen-interceptor-iii-cabriolet-in-konstanz
https://www.kickdown.com/en/postings/e6b897b42f15-1991-lamborghini-diablo-5-7l-v12-in-augsburg,https://www.kickdown.com/en/postings/cafb2aa384b4-2004-lamborghini-gallardo-in-41334-nettetal,https://www.kickdown.com/en/postings/268d5ce13e55-2016-lamborghini-huracan-in-22453-hamburg,https://www.kickdown.com/en/postings/fbded23f5617-1977-lamborghini-urraco-in-kropp
https://www.kickdown.com/en/postings/5429b9e35f40-1991-lancia-delta-in-61048-sant-angelo-in-vado,https://www.kickdown.com/en/postings/97e089ca72df-1988-lancia-thema-832-in-49716-meppen,https://www.kickdown.com/en/postings/5236050ca1d0-1959-lancia-appia-convertible-vignale-in-passau,https://www.kickdown.com/en/postings/40f57aa9a3ad-1982-lancia-beta-in-neudrossenfeld,https://www.kickdown.com/en/postings/e3af9a2c8eed-1984-lancia-delta-1300-in-hamburg,https://www.kickdown.com/en/postings/3bc50cbe7068-1992-lancia-delta-hf-integrale-evo-1-in-eppelborn,https://www.kickdown.com/en/postings/9885c84f30fb-1988-lancia-hf-integrale-in-berlin,https://www.kickdown.com/en/postings/9885c84f30fb-1988-lancia-hf-integrale-in-berlin,https://www.kickdown.com/en/postings/b23e5bda7ee8-1984-lancia-delta-hf-turbo-in-bad-griesbach,https://www.kickdown.com/en/postings/1eb5205e20d2-1988-lancia-delta-integrale-hf-8v-integrale-8v-in-regensburg,https://www.kickdown.com/en/postings/0289c65d04d9-1968-lancia-flaminia-in-80939-muenchen,https://www.kickdown.com/en/postings/d4d30cdce476-1976-lancia-fulvia-1-3s-coupe-in-22956-groenwohld,https://www.kickdown.com/en/postings/167b5acbcba4-1963-lancia-fulvia-belina-1c-in-78054-villingen-schwenningen,https://www.kickdown.com/en/postings/efce1abfb30d-1975-lancia-fulvia-in-48734-coesfeld,https://www.kickdown.com/en/postings/690fbf775db2-1991-lancia-y10-in-duesseldorf
https://www.kickdown.com/en/postings/8b25bf68e24a-1993-land-rover-range-rover-classic-in-berlin,https://www.kickdown.com/en/postings/8c459b87f858-1991-land-rover-land-rover-santana-in-14513-teltow,https://www.kickdown.com/en/postings/4a1720096cf8-1992-land-rover-range-rover-classic-in-berlin,https://www.kickdown.com/en/postings/5bc9ba22885c-1990-land-rover-range-rover-in-10709-berlin,https://www.kickdown.com/en/postings/5bc9ba22885c-1990-land-rover-range-rover-in-10709-berlin
https://www.kickdown.com/en/postings/04851ed03880-1989-lincoln-town-car-in-13059-berlin
https://www.kickdown.com/en/postings/00444c086240-1964-lotus-elan-cabrio-s1-1600-lhd-in-pforzheim,https://www.kickdown.com/en/postings/00444c086240-1964-lotus-elan-cabrio-s1-1600-lhd-in-pforzheim,https://www.kickdown.com/en/postings/b283e00b1287-2000-lotus-elise-s1-sport-160-in-13089-berlin,https://www.kickdown.com/en/postings/18e50d347ec2-1992-lotus-esprit-se-in-13089-berlin,https://www.kickdown.com/en/postings/18e50d347ec2-1992-lotus-esprit-se-in-13089-berlin,https://www.kickdown.com/en/postings/a7da112d49a3-2012-lotus-exige-in-09481-scheibenberg,https://www.kickdown.com/en/postings/6ffb5c2a744d-1965-lotus-super-seven-s2-in-40233-duesseldorf,https://www.kickdown.com/en/postings/423d13f9b6e7-1969-lotus-typ-61-mx-in-berlin
https://www.kickdown.com/en/postings/f10617b1aadd-1969-marcos-marcos-3000-gt-in-berlin
https://www.kickdown.com/en/postings/13c304b812df-1993-maserati-228-in-74076-heilbronn,https://www.kickdown.com/en/postings/9956d121b257-2019-maserati-ghibli-coupe-in-70186-stuttgart,https://www.kickdown.com/en/postings/e00263f70580-2001-maserati-3200-gt-in-karlsruhe,https://www.kickdown.com/en/postings/f31799b6d467-1962-maserati-3500-gt-in-darmstadt,https://www.kickdown.com/en/postings/d7bed791fb59-2002-maserati-4200-gt-in-5301-eugendorf,https://www.kickdown.com/en/postings/584513134977-1973-maserati-indy-in-40233-duesseldorf,https://www.kickdown.com/en/postings/3e0bfcf0cd56-1973-maserati-indy-in-boeblingen,https://www.kickdown.com/en/postings/aade393242d6-1973-maserati-indy-in-76131-karlsruhe,https://www.kickdown.com/en/postings/99d48f7ea19d-1975-maserati-merak-in-odense,https://www.kickdown.com/en/postings/9a433b0ebe7f-1969-maserati-mistral-in-22453-hamburg,https://www.kickdown.com/en/postings/952d743739bf-1982-maserati-quattroporte-in-52146-wuerselen,https://www.kickdown.com/en/postings/b2be62715b66-2006-maserati-quattroporte-in-89081-ulm,https://www.kickdown.com/en/postings/bcce31d2a7ac-1994-maserati-spyder-in-1100-wien,https://www.kickdown.com/en/postings/b0e556defcf2-2005-maserati-spyder-in-de-21335-lueneburg
https://www.kickdown.com/en/postings/06acf2c1f887-1992-mazda-rx7-in-28195-bremen,https://www.kickdown.com/en/postings/13eefbd76999-1989-mazda-rx7-in-10553-berlin
https://www.kickdown.com/en/postings/f2378b9f594d-2018-mclaren-mclaren-675-lt-spider-in-hamminkeln
https://www.kickdown.com/en/postings/cc76c5121f2a-1958-mg-mga-coupe-in-37339-breitenworbis,https://www.kickdown.com/en/postings/011110997c91-1979-mg-midget-in-21033-hamburg,https://www.kickdown.com/en/postings/de9a757568d4-1957-mg-mga-1500-in-odense,https://www.kickdown.com/en/postings/34585dcf2a34-1959-mg-mg-mga-1600-coupe-in-odense,https://www.kickdown.com/en/postings/8c49d46fd8a8-1967-mg-mgb-gt-in-odense,https://www.kickdown.com/en/postings/0ed89ce3e684-1973-mg-mg-b-in-51427-bergisch-gladbach,https://www.kickdown.com/en/postings/1b648c476bd6-1979-mg-mgb-roadster-in-30900-wedemark,https://www.kickdown.com/en/postings/1b648c476bd6-1979-mg-mgb-roadster-in-30900-wedemark,https://www.kickdown.com/en/postings/8e2e0457c6b8-1979-mg-midget-in-6020-innsbruck,https://www.kickdown.com/en/postings/8e2e0457c6b8-1979-mg-midget-in-6020-innsbruck,https://www.kickdown.com/en/postings/cccc32af390f-1952-mg-mg-td-in-d-33824-werther-westf
https://www.kickdown.com/en/postings/d3ef8401f97b-1970-mini-innocenti-in-solingen,https://www.kickdown.com/en/postings/1a906da85cc7-1980-mini-clubman-in-52146-wuerselen,https://www.kickdown.com/en/postings/ef11488dc6c3-1997-mini-cooper-1-3-mpi-in-hamburg,https://www.kickdown.com/en/postings/25803b239c04-2014-mini-clubman-john-cooper-works-in-73230-kirchheim,https://www.kickdown.com/en/postings/6816466006b4-1969-mini-riley-in-76863-herxheim,https://www.kickdown.com/en/postings/c0405509220a-1968-mini-mini-morris-850-in-budapest,https://www.kickdown.com/en/postings/4a80412add73-1969-mini-morris-mini-mk-iii-1968-in-kitzingen,https://www.kickdown.com/en/postings/704827cff433-1995-mini-mini-cooper-mk-2-in-solingen,https://www.kickdown.com/en/postings/ecfd8294e5a8-2000-mini-cooper-in-23569-luebeck
https://www.kickdown.com/en/postings/d25915d28521-1979-morgan-4-4-in-berlin,https://www.kickdown.com/en/postings/8aa54ce53804-1996-morgan-8-in-langerwehe,https://www.kickdown.com/en/postings/3bd00d9826d2-1977-morgan-plus-8-in-langerwehe,https://www.kickdown.com/en/postings/d3aae4388725-1954-morgan-plus-4-in-47626-kevelaer,https://www.kickdown.com/en/postings/89fff3dc38ff-2001-morgan-plus-8-in-52249-eschweiler,https://www.kickdown.com/en/postings/250bef4c4b35-1976-morgan-plus-8-in-45473-muelheim
https://www.kickdown.com/en/postings/49faa74b102f-1991-nissan-300-zx-in-61048-sant-angelo-in-vado,https://www.kickdown.com/en/postings/7f910255a410-2006-nissan-350-z-in-1220-wien,https://www.kickdown.com/en/postings/391be0b13972-1991-nissan-figaro-in-regensburg,https://www.kickdown.com/en/postings/3d466e747c56-2011-nissan-r35-in-muenster,https://www.kickdown.com/en/postings/526fac312c56-1988-nissan-s12-turbo-in-de-79771-erzingen
https://www.kickdown.com/en/postings/7ddef3ceca52-1970-oldsmobile-cutlass-supreme-convertible-in-80331-muenchen
https://www.kickdown.com/en/postings/3e114a870720-1971-opel-commodore-gs-in-04347-leipzig,https://www.kickdown.com/en/postings/3f29242a1614-1984-opel-mantai-200-in-34327-koerle,https://www.kickdown.com/en/postings/6efc47b63452-1985-opel-monza-in-70192-stuttgart,https://www.kickdown.com/en/postings/356c2c439377-1976-opel-commodore-gse-in-04347-leipzig,https://www.kickdown.com/en/postings/15218df55171-1986-opel-corsa-michalak-spyder-in-55278-dolgesheim,https://www.kickdown.com/en/postings/23470a84021b-1965-opel-kadett-a-in-hamburg,https://www.kickdown.com/en/postings/f135f50e4e08-1939-opel-kapitaen-in-hamburg,https://www.kickdown.com/en/postings/d77df9c36e81-1939-opel-opel-kapitaen-in-odense,https://www.kickdown.com/en/postings/e758d2e35897-1962-opel-kapitaen-p2-2-6-in-dk-5550-langeskov,https://www.kickdown.com/en/postings/9662e2ba0d2a-1961-opel-kapitaen-in-5550-langeskov,https://www.kickdown.com/en/postings/480694b97655-1979-opel-manta-in-budapest
https://www.kickdown.com/en/postings/ff6cf3e04a83-1955-peugeot-203-in-66663-merzig,https://www.kickdown.com/en/postings/a70ad60c79f1-1990-peugeot-205-in-75179-pforzheim,https://www.kickdown.com/en/postings/bef35db4f1e8-1975-peugeot-304-s-in-72336-balingen
https://www.kickdown.com/en/postings/9b83068b8b8b-1975-pinzgauer-712-in-5531-eben-im-pongau
https://www.kickdown.com/en/postings/a5b14711b99b-1967-plymouth-barracuda-in-17268-boitzenburger-land,https://www.kickdown.com/en/postings/f21ee82e735d-1969-plymouth-roadrunner-in-3100-pressbaum,https://www.kickdown.com/en/postings/efdca67d4771-1970-plymouth-barracuda-in-at-4151-oepping
https://www.kickdown.com/en/postings/1313a2376d5b-1967-pontiac-pontiac-firebird-in-zwickau,https://www.kickdown.com/en/postings/e5926b584ec2-1956-pontiac-star-chief-v8-catalina-hardtop-in-53842-troisdorf,https://www.kickdown.com/en/postings/7629f7ce8e12-2000-pontiac-firebird-trans-am-in-de-88339-bad-waldsee
https://www.kickdown.com/en/postings/b93503c10a82-1974-renault-alpine-a-110-1300-vc-in-at-3661-doella,https://www.kickdown.com/en/postings/93a390af976f-0-renault-18-turbo-in-3493-hadersdorf,https://www.kickdown.com/en/postings/ea57510f0291-1957-renault-4cv-in-frontenhausen,https://www.kickdown.com/en/postings/e3c0f5dfbc5e-1974-renault-a110-in-de-80337-muenchen,https://www.kickdown.com/en/postings/bc71b7997f0e-1971-renault-alpine-in-2380-perchtoldsdorf,https://www.kickdown.com/en/postings/3de85bff8f37-1981-renault-alpine-a-310-v6-in-moenchengladbach,https://www.kickdown.com/en/postings/be11967fcfc4-1989-renault-alpine-in-31789-hameln,https://www.kickdown.com/en/postings/be11967fcfc4-1989-renault-alpine-in-31789-hameln,https://www.kickdown.com/en/postings/1ad44080108a-1985-renault-gta-in-3493-hadersdorf,https://www.kickdown.com/en/postings/40c9050daeda-1988-renault-alpine-v6-in-regensburg,https://www.kickdown.com/en/postings/4c56afa91891-1968-renault-caravelle-in-86152-augsburg,https://www.kickdown.com/en/postings/bcf727932267-2005-renault-clio-in-3493-hadersdorf,https://www.kickdown.com/en/postings/04a82aaafb58-1984-renault-r4-in-eppelborn,https://www.kickdown.com/en/postings/dcd62bc97c13-1991-renault-r4-in-81675-muenchen,https://www.kickdown.com/en/postings/b226410fba06-1984-renault-r-5-alpine-turbo-in-lauffen-am-neckar
https://www.kickdown.com/en/postings/e7a6f4fe7506-1974-rolls-royce-silver-shadow-in-de-72108-rottenburg,https://www.kickdown.com/en/postings/a1ed915ff159-1931-rolls-royce-phantom-in-07407-rudolstadt,https://www.kickdown.com/en/postings/ddabdd5899e8-1960-rolls-royce-silver-cloud-ii-in-8350-fehring,https://www.kickdown.com/en/postings/5f53babff110-1984-rolls-royce-silver-spirit-serie-1-in-7023-zemendorf,https://www.kickdown.com/en/postings/95f04f73ed1d-1981-rolls-royce-silver-spirit-in-at-9074-keutschach
https://www.kickdown.com/en/postings/bfe439454b53-1983-saab-900-gl-in-de-01189-dresden,https://www.kickdown.com/en/postings/fd89fb90f281-1990-saab-900-in-20253-hamburg,https://www.kickdown.com/en/postings/1c78bff0fb9e-1989-saab-901-turbo-in-44797-bochum,https://www.kickdown.com/en/postings/c234cd751801-1999-saab-9-3-cabrio-in-de-23909-ratzeburg,https://www.kickdown.com/en/postings/877dd29bf6e1-2001-saab-9-3-cabriolet-in-24991-freienwill,https://www.kickdown.com/en/postings/b5078776dbd2-1999-saab-9-5-aero-turbo-2-3-in-nehren,https://www.kickdown.com/en/postings/d33908744356-1973-saab-95-in-44866-bochum
https://www.kickdown.com/en/postings/086fc2720199-1966-studebaker-model-ii-in-neustadt,https://www.kickdown.com/en/postings/62e8a6dbb38c-1966-studebaker-avanti-ii-in-67454-hassloch
https://www.kickdown.com/en/postings/3b6b8b40effc-1965-sunbeam-tiger-260-mk1-in-muenchen
https://www.kickdown.com/en/postings/8d81b471b5f6-1980-suzuki-sc100-gx-in-39106-magdeburg
https://www.kickdown.com/en/postings/d31c0e789ae1-1985-toyota-celica-in-51702-bergneustadt,https://www.kickdown.com/en/postings/9572cdf6e52b-1973-toyota-land-cruiser-in-59069-hamm
https://www.kickdown.com/en/postings/4f32f1af5493-1972-triumph-spitfire-in-leverkusen,https://www.kickdown.com/en/postings/4da6aa1d80da-1977-triumph-stag-in-duesseldorf,https://www.kickdown.com/en/postings/fe7829546a86-1960-triumph-tr-3a-in-muenchen,https://www.kickdown.com/en/postings/46fa0b34cf95-1960-triumph-tr3a-in-duesseldorf,https://www.kickdown.com/en/postings/46fa0b34cf95-1960-triumph-tr3a-in-duesseldorf,https://www.kickdown.com/en/postings/0b20d57e7a18-1959-triumph-tr3-a-in-de-40699-erkrath,https://www.kickdown.com/en/postings/0032bf24f3a6-1969-triumph-tr6-in-5550-langeskov,https://www.kickdown.com/en/postings/152162747f4b-1976-triumph-tr6-in-94161-ruderting,https://www.kickdown.com/en/postings/37b5c1a1ba78-1974-triumph-tr6-in-5550-langeskov,https://www.kickdown.com/en/postings/1d1e2e753847-1972-triumph-tr6-in-5310-mondsee,https://www.kickdown.com/en/postings/c31bcbc4df0c-1970-triumph-tr6-in-odense,https://www.kickdown.com/en/postings/c31bcbc4df0c-1970-triumph-tr6-in-odense,https://www.kickdown.com/en/postings/e305ad6b4029-1971-triumph-tr6-in-5550-langeskov,https://www.kickdown.com/en/postings/e305ad6b4029-1971-triumph-tr6-in-5550-langeskov,https://www.kickdown.com/en/postings/e24b8bc19efd-1970-triumph-tr6-in-5500-langeskov,https://www.kickdown.com/en/postings/4f8f616d16f9-1972-triumph-tr6-in-de-49716-meppen
https://www.kickdown.com/en/postings/70f1e29677fe-1997-tvr-chimaera-450-in-13089-berlin
https://www.kickdown.com/en/postings/899767890f72-1959-volvo-544-in-21258-heidenau,https://www.kickdown.com/en/postings/26f9fa66ae87-1959-volvo-pv-544-in-33104-paderborn,https://www.kickdown.com/en/postings/63a7fa9cc25e-1995-volvo-440-in-73035-goeppingen,https://www.kickdown.com/en/postings/e094733013ca-1972-volvo-144-de-luxe-in-1020-wien,https://www.kickdown.com/en/postings/91134f49b098-1987-volvo-244dl-in-3352-sankt-peter-in-der-au,https://www.kickdown.com/en/postings/f91d30aefc93-1985-volvo-240-244-dl-in-augsburg,https://www.kickdown.com/en/postings/7d8c57180f37-1987-volvo-360-gle-in-solingen,https://www.kickdown.com/en/postings/651bd648a921-1992-volvo-460-in-eschweiler,https://www.kickdown.com/en/postings/79812c6e0908-1985-volvo-740-gl-in-3500-krems,https://www.kickdown.com/en/postings/d777f30f4d5b-1965-volvo-pv544-sport-in-53426-schalkenbach,https://www.kickdown.com/en/postings/d5f8b202e413-1979-volvo-240-244-gle-in-30900-wedemark,https://www.kickdown.com/en/postings/d5f8b202e413-1979-volvo-240-244-gle-in-30900-wedemark,https://www.kickdown.com/en/postings/db91cd1fb469-1964-volvo-p544-in-6108-scharnitz,https://www.kickdown.com/en/postings/054c7f713e04-1964-volvo-pv544-sport-11134-e-in-2542-kottingbrunn
https://www.kickdown.com/en/postings/15693efc87e3-1992-andere-freeclimber-2-7-eta-in-augsburg,https://www.kickdown.com/en/postings/0a383b4e7659-1-andere-buell-lightning-city-x-xb9sx-in-duesseldorf,https://www.kickdown.com/en/postings/dae07da6a9dc-1978-andere-santana-88-in-kiel,https://www.kickdown.com/en/postings/c853fd5bf995-1960-andere-galletto-in-duesseldorf
https://www.kickdown.com/en/postings/8df388ee1ecf-1969-alfa-romeo-1750gtv-in-1060-wien,https://www.kickdown.com/en/postings/e1a2ccecb9b2-1972-alfa-romeo-giulia-in-80801-muenchen,https://www.kickdown.com/en/postings/4813bb835a23-1978-alfa-romeo-115-38-in-52349-dueren,https://www.kickdown.com/en/postings/a7772136a900-1967-alfa-romeo-1300-junior-in-regensburg,https://www.kickdown.com/en/postings/6ae626600944-1970-alfa-romeo-1300-junior-kantenhaube-in-berlin,https://www.kickdown.com/en/postings/516b7a438c4c-2005-alfa-romeo-147-gta-in-88339-bad-waldsee,https://www.kickdown.com/en/postings/0304a493bfdb-1990-alfa-romeo-164-in-augsburg,https://www.kickdown.com/en/postings/22d1f829c3e5-1968-alfa-romeo-gtv-in-6911-lochau,https://www.kickdown.com/en/postings/728606c397aa-1978-alfa-romeo-spider-in-5550-langeskov,https://www.kickdown.com/en/postings/a564e45e3ccc-1972-alfa-romeo-alfetta-1-8-in-duesseldorf,https://www.kickdown.com/en/postings/5e553bbd34e1-1983-alfa-romeo-gtv-6-in-90408-nuernberg,https://www.kickdown.com/en/postings/126001c3b15f-1968-alfa-romeo-ebr-100-in-02791-oderwitz,https://www.kickdown.com/en/postings/f32c32d373e0-1969-alfa-romeo-giulia-1300-ti-in-d-30966-hemmingen,https://www.kickdown.com/en/postings/1a2e793b355a-1978-alfa-romeo-alfa-romeo-giulia-in-hamburg,https://www.kickdown.com/en/postings/45ed6e118df6-1962-alfa-romeo-giulietta-in-40233-duesseldorf,https://www.kickdown.com/en/postings/7c84873c4797-1968-alfa-romeo-gt-in-22309-hamburg,https://www.kickdown.com/en/postings/cb3f8ffb2367-1968-alfa-romeo-gt-in-72280-dornstetten,https://www.kickdown.com/en/postings/4beb912a72ab-1995-alfa-romeo-gtv-in-8020-graz,https://www.kickdown.com/en/postings/946b3963bff7-1998-alfa-romeo-gtv-3-0-24v-lusso-in-pforzheim,https://www.kickdown.com/en/postings/db49a065f364-1981-alfa-romeo-gtv6-in-22081-hamburg,https://www.kickdown.com/en/postings/d55383736f67-2004-alfa-romeo-gtv-in-duesseldorf,https://www.kickdown.com/en/postings/3298be905746-1973-alfa-romeo-montreal-in-38640-goslar,https://www.kickdown.com/en/postings/5f6b0a1184d0-1972-alfa-romeo-montreal-in-22309-hamburg,https://www.kickdown.com/en/postings/50f49e20563d-1975-alfa-romeo-montreal-in-80939-muenchen,https://www.kickdown.com/en/postings/7306b7e7ca96-1969-alfa-romeo-spider-1750-osso-di-seppio-in-pforzheim,https://www.kickdown.com/en/postings/af6650db7916-1983-alfa-romeo-spider-in-8504-hengsberg,https://www.kickdown.com/en/postings/4fcfb57a6dde-1973-alfa-romeo-spider-2000-veloce-in-03730-javea,https://www.kickdown.com/en/postings/28ae7129d654-1993-alfa-romeo-spider-in-88339-bad-waldsee,https://www.kickdown.com/en/postings/9a48464f82af-2008-alfa-romeo-spider-in-91735-muhr-am-see,https://www.kickdown.com/en/postings/824afea63215-1995-alfa-romeo-916-in-minden,https://www.kickdown.com/en/postings/367157539f58-1987-alfa-romeo-spider-in-02791-oderwitz
https://www.kickdown.com/en/postings/fd2e2ec6fcdd-1989-audi-200-tutbo-quattro-in-63505-langenselbold,https://www.kickdown.com/en/postings/2d90487da1ef-1958-audi-ifa-f8-cabrio-limousine-in-01561-lampertswalde,https://www.kickdown.com/en/postings/179f9dc6faa7-2021-audi-rs6-in-93155-hemau,https://www.kickdown.com/en/postings/e1a6960bea5c-1976-audi-100-in-59069-hamm,https://www.kickdown.com/en/postings/50863f3fb19e-1972-audi-60-l-in-osnabrueck,https://www.kickdown.com/en/postings/d1a1f6e0fc10-1992-audi-audi-80-aus-1-hand-in-nuernberg,https://www.kickdown.com/en/postings/8f40a7a0355c-1997-audi-80-cabriolet-in-frankfurt,https://www.kickdown.com/en/postings/4af260258823-1996-audi-80-cabrio-in-rheinstetten,https://www.kickdown.com/en/postings/d2ac1e2c1d43-1993-audi-audi-80-in-saarbruecken,https://www.kickdown.com/en/postings/e3725fe64d56-1986-audi-90-b2-coupe-in-85354-freising,https://www.kickdown.com/en/postings/c7e6ec965b10-1986-audi-90-in-85354-freising,https://www.kickdown.com/en/postings/1c24a31888dc-2016-audi-a4-in-2650-payerbach,https://www.kickdown.com/en/postings/d7e2d3de3f4c-2017-audi-a8-in-64291-darmstadt,https://www.kickdown.com/en/postings/77b6fc8934a4-1986-audi-coupe-in-boeblingen,https://www.kickdown.com/en/postings/c8eb0006c0a8-2004-audi-quattro-s4-cabrio-in-ch-4512-bellach,https://www.kickdown.com/en/postings/ffe0795a3c89-2008-audi-r8-in-22335-hamburg,https://www.kickdown.com/en/postings/8ee6453ca8b4-2007-audi-r8-in-28195-bremen,https://www.kickdown.com/en/postings/91e5d6e9aead-2011-audi-r8-in-50667-koeln,https://www.kickdown.com/en/postings/6925f8003f3e-2008-audi-r8-in-at-5400-hallein,https://www.kickdown.com/en/postings/e09eae70a4e7-1994-audi-rs2-in-04249-leipzig,https://www.kickdown.com/en/postings/f07b9c96bbb5-1994-audi-rs2-in-18225-kuehlunsborn,https://www.kickdown.com/en/postings/f07b9c96bbb5-1994-audi-rs2-in-18225-kuehlunsborn,https://www.kickdown.com/en/postings/0352803096b7-1994-audi-rs2-in-reutlingen,https://www.kickdown.com/en/postings/fc3eb3ddec6c-2001-audi-s3-in-bad-griesbach,https://www.kickdown.com/en/postings/a10d0773ae8d-2009-audi-s5-in-06484-ditfurt,https://www.kickdown.com/en/postings/1c6f79544b38-1997-audi-audi-s6-c4-in-regensburg,https://www.kickdown.com/en/postings/ed65279a5408-2000-audi-tt-roadster-in-21423-drage
https://www.kickdown.com/en/postings/88b0771ae0b0-2004-bmw-e46-m3-cabrio-in-de-15234-frankfurt-oder,https://www.kickdown.com/en/postings/825b62858341-1983-bmw-635-csi-in-2514-moellersdorf,https://www.kickdown.com/en/postings/2ef214f2970f-1997-bmw-z3-roadster-1-8-in-at-1230-wien,https://www.kickdown.com/en/postings/fd4ba6b3d52e-1971-bmw-2800-cs-in-1180-wien,https://www.kickdown.com/en/postings/f774a325bf3f-1984-bmw-315-in-25474-hasloh,https://www.kickdown.com/en/postings/bbabd8322c27-2014-bmw-f06-in-96317-kronach,https://www.kickdown.com/en/postings/12fb56ce235d-2018-bmw-alpina-b5-touring-in-24558-henstedt-ulzburg,https://www.kickdown.com/en/postings/58678ba733db-1986-bmw-b6-in-52349-dueren,https://www.kickdown.com/en/postings/9f6b265743d3-1980-bmw-e23-in-viersen,https://www.kickdown.com/en/postings/5661fd674531-1986-bmw-m-635-csi-in-92648-vohenstrauss,https://www.kickdown.com/en/postings/1d99a3a4d03f-1987-bmw-e30-in-85649-brunnthal,https://www.kickdown.com/en/postings/1671b4780052-1971-bmw-e9-in-92648-vohenstrauss,https://www.kickdown.com/en/postings/032c5a2a6588-2022-bmw-g20-320d-in-68723-schwetzingen,https://www.kickdown.com/en/postings/2f0364f60c08-1997-bmw-alpina-b10-in-landsberg,https://www.kickdown.com/en/postings/5b3837df10b9-2001-bmw-b10-in-92648-vohenstrauss,https://www.kickdown.com/en/postings/5876162aa1c6-1997-bmw-e36-in-67549-worms,https://www.kickdown.com/en/postings/b94e8cc1d35d-1999-bmw-alpina-b3-in-huefingen,https://www.kickdown.com/en/postings/4e8a2b48828d-2005-bmw-b3-in-86150-augsburg,https://www.kickdown.com/en/postings/51f093512dfb-2018-bmw-b3-s-touring-in-58313-herdecke,https://www.kickdown.com/en/postings/bae83a17147a-1981-bmw-alpina-b7-turbo-coupe-in-huefingen,https://www.kickdown.com/en/postings/c6de22703bf4-2006-bmw-130i-in-82008-unterhaching,https://www.kickdown.com/en/postings/74e0f858b7e7-1967-bmw-2000-cs-in-2650-payerbach,https://www.kickdown.com/en/postings/d5825a1d3b91-1966-bmw-2000-cs-in-duesseldorf,https://www.kickdown.com/en/postings/0f08d2a78dea-1967-bmw-2000-cs-in-dk-5550-langeskov,https://www.kickdown.com/en/postings/11887bb8c215-1973-bmw-2000-in-93080-pentling,https://www.kickdown.com/en/postings/123a17ddd525-1974-bmw-bmw-2000-in-nuernberg,https://www.kickdown.com/en/postings/0f8cfefca349-1973-bmw-2002-in-huertgenwald,https://www.kickdown.com/en/postings/f3a1ab8329cb-1974-bmw-2002-in-odense,https://www.kickdown.com/en/postings/49d8a6428e9e-1974-bmw-2002-in-hamburg,https://www.kickdown.com/en/postings/57aef2c0a100-1970-bmw-2002-in-86150-augsburg,https://www.kickdown.com/en/postings/3044297b89fa-1975-bmw-2002-tii-in-pforzheim,https://www.kickdown.com/en/postings/920a99571b6e-1975-bmw-2002-tii-in-odense
https://www.kickdown.com/en/postings/4b4d5266363e-1976-ford-granada-in-90768-fuerth,https://www.kickdown.com/en/postings/0e6b76266822-1967-ford-mustang-in-4343-mitterkirchen,https://www.kickdown.com/en/postings/e055e63a9025-1966-ford-thunderbird-in-73230-kirchheim,https://www.kickdown.com/en/postings/2fc33cc685a4-0-ford-thunderbird-in-berlin,https://www.kickdown.com/en/postings/cdf58e2bde82-1956-ford-thunderbird-in-86150-augsburg,https://www.kickdown.com/en/postings/da3fc2f798f6-1963-ford-ford-12m-p4-kombi-in-heidelberg,https://www.kickdown.com/en/postings/25c8bf272622-1969-ford-17m-rs-in-boeblingen,https://www.kickdown.com/en/postings/838f8acef49f-1976-ford-capri-in-55590-meisenheim,https://www.kickdown.com/en/postings/e6b9e77c732c-1977-ford-capri-mk2-1600-l-in-04249-leipzig,https://www.kickdown.com/en/postings/d8e7df805789-1992-ford-sierra-in-rheinstetten,https://www.kickdown.com/en/postings/513b9b8754ec-1977-ford-f100-in-04277-leipzig,https://www.kickdown.com/en/postings/4b5ed2c6d8c1-1980-ford-f-100-in-16562-bergfelde,https://www.kickdown.com/en/postings/2e4fb5d799ae-1967-ford-m151-in-86150-augsburg,https://www.kickdown.com/en/postings/2d0303c3abac-1932-ford-a-4door-sedan-in-25704-bargenstedt,https://www.kickdown.com/en/postings/4870f7f555cd-1930-ford-a-phaeton-in-89899-landsberg,https://www.kickdown.com/en/postings/375f838fe658-1924-ford-modell-t-in-2111-kleinroetz,https://www.kickdown.com/en/postings/2645f9a00fc8-1970-ford-mustang-boss-302-in-86368-gersthofen,https://www.kickdown.com/en/postings/f884b5743e4b-2004-ford-mustang-in-22083-hamburg,https://www.kickdown.com/en/postings/778ad8ee379e-1965-ford-mustang-in-61130-nidderau,https://www.kickdown.com/en/postings/401cf36e41ae-2018-ford-mustang-in-76872-minfeld,https://www.kickdown.com/en/postings/6066feadf090-1967-ford-mustang-cabrio-in-traiskirchen,https://www.kickdown.com/en/postings/ccfdf091983d-1966-ford-mustang-in-hamm,https://www.kickdown.com/en/postings/86b5658cd3c8-1965-ford-mustang-in-04319-borsdorf,https://www.kickdown.com/en/postings/90edea1131c9-1970-ford-mustang-in-70619-stuttgart,https://www.kickdown.com/en/postings/07ee2ba10fc2-1971-ford-mustang-in-47475-kamp-lintfort,https://www.kickdown.com/en/postings/fbeb3baee457-1971-ford-mustang-mach-1-in-65604-elz,https://www.kickdown.com/en/postings/59383fb4f8f7-2003-ford-mustang-in-36151-burghaun,https://www.kickdown.com/en/postings/26ab8f816298-1967-ford-mustang-in-22179-hamburg,https://www.kickdown.com/en/postings/ce56046172e6-1967-ford-mustang-in-de-21614-buxtehude,https://www.kickdown.com/en/postings/ce56046172e6-1967-ford-mustang-in-de-21614-buxtehude,https://www.kickdown.com/en/postings/1e30752b7150-1986-ford-sierra-in-moenchengladbach
https://www.kickdown.com/en/postings/fbe2092da073-1977-jaguar-xj-6-in-de-10249-berlin,https://www.kickdown.com/en/postings/de3a3a0aac25-1978-jaguar-xj-6-c-4-2-s2-in-de-25474-ellerbek,https://www.kickdown.com/en/postings/2b3179bab67c-1997-jaguar-xk8-coupe-in-de-25421-pinneberg,https://www.kickdown.com/en/postings/87f3c84c1b2c-2002-jaguar-xjr-in-59939-olsberg,https://www.kickdown.com/en/postings/6d2635fdd115-2002-jaguar-xjr-100-in-49716-meppen,https://www.kickdown.com/en/postings/25657834c50f-1989-jaguar-xjs-in-86150-augsburg,https://www.kickdown.com/en/postings/9d2fa971c7c5-2002-jaguar-xkr-in-45219-essen,https://www.kickdown.com/en/postings/a0a56238a9b6-1983-jaguar-ds-420-in-de-26384-wilhelmshaven,https://www.kickdown.com/en/postings/2dad8d495b72-1961-jaguar-daimler-sp250-in-97980-bad-mergentheim,https://www.kickdown.com/en/postings/d0d1045ac24d-1995-jaguar-x300-in-markgroeningen,https://www.kickdown.com/en/postings/5e46520b99c7-1970-jaguar-e-type-4-2-series-2-in-odense,https://www.kickdown.com/en/postings/dd581534459e-1970-jaguar-e-type-in-duesseldorf,https://www.kickdown.com/en/postings/faa730d5751b-1967-jaguar-e-type-series-1-in-schwalmstadt,https://www.kickdown.com/en/postings/7ef6627507af-1973-jaguar-e-type-in-hamburg,https://www.kickdown.com/en/postings/35fbae4f1ff1-1974-jaguar-e-type-in-hamburg,https://www.kickdown.com/en/postings/35fbae4f1ff1-1974-jaguar-e-type-in-hamburg,https://www.kickdown.com/en/postings/42c4ca67564a-1973-jaguar-e-type-in-gluecksburg,https://www.kickdown.com/en/postings/42c4ca67564a-1973-jaguar-e-type-in-gluecksburg,https://www.kickdown.com/en/postings/839672371880-1963-jaguar-e-type-in-reutlingen,https://www.kickdown.com/en/postings/6fcfbfd270ea-1973-jaguar-e-type-in-passau,https://www.kickdown.com/en/postings/24b3c247db7f-1972-jaguar-e-type-in-51645-gummersbach,https://www.kickdown.com/en/postings/6ebaf50cf9c4-2016-jaguar-f-type-in-56291-wiebelsheim,https://www.kickdown.com/en/postings/7a30df939173-1966-jaguar-mk-2-in-baden-baden,https://www.kickdown.com/en/postings/1983ed7b990f-1961-jaguar-mk2-in-22399-hamburg,https://www.kickdown.com/en/postings/15fadc86f247-1961-jaguar-mk-2-in-5550-langeskov,https://www.kickdown.com/en/postings/15fadc86f247-1961-jaguar-mk-2-in-5550-langeskov,https://www.kickdown.com/en/postings/68d599cc6049-1966-jaguar-mark-2-in-33154-salzkotten,https://www.kickdown.com/en/postings/8c04f1041870-1967-jaguar-jaguar-mk-ii-in-linz,https://www.kickdown.com/en/postings/8998f1517782-1963-jaguar-mk-ii-3-8-l-in-thale
https://www.kickdown.com/en/postings/2f6457a1285d-1964-mercedes-benz-w113-sl-230-pagode-in-47803-krefeld,https://www.kickdown.com/en/postings/944a18a9d587-1986-mercedes-benz-r107-500sl-in-de-21614-buxtehude,https://www.kickdown.com/en/postings/db5d50917477-2006-mercedes-benz-sl55-amg-in-79189-bad-schallstadt,https://www.kickdown.com/en/postings/6bc661287e3c-1971-mercedes-benz-w113-280-sl-pagode-in-d-41063-moenchengladbach,https://www.kickdown.com/en/postings/908090c68458-2008-mercedes-benz-r230-sl-350-in-de-90411-nuernberg,https://www.kickdown.com/en/postings/df678ebf40f7-1967-mercedes-benz-w-113-230-sl-in-de-42799-leichlingen,https://www.kickdown.com/en/postings/3577ef5bb5aa-1966-mercedes-benz-w-113-230-sl-pagode-in-de-91085-weisendorf,https://www.kickdown.com/en/postings/eb3a76ce1285-1956-mercedes-benz-190-in-20251-hamburg,https://www.kickdown.com/en/postings/110c45df3a6c-1991-mercedes-benz-190-e-in-72461-albstadt,https://www.kickdown.com/en/postings/e1aa08ac06ae-1966-mercedes-benz-230-sl-in-94089-neureichenau,https://www.kickdown.com/en/postings/602ec0ebdc35-1987-mercedes-benz-230-in-49716-meppen,https://www.kickdown.com/en/postings/046718d2f43b-1980-mercedes-benz-280se-in-12163-berlin,https://www.kickdown.com/en/postings/bdaeabf1fa07-1968-mercedes-benz-280sl-in-8321-margarethen-an-der-ruhr,https://www.kickdown.com/en/postings/dc457cc351b0-1999-mercedes-benz-a-160-in-adenau,https://www.kickdown.com/en/postings/7a26dd6000da-2015-mercedes-benz-amg-gt-in-6500-landeck,https://www.kickdown.com/en/postings/f3e38c1ed024-2020-mercedes-benz-amg-gtr-in-13158-berlin,https://www.kickdown.com/en/postings/dfcfed8a6c1c-1999-mercedes-benz-g320-in-45133-essen,https://www.kickdown.com/en/postings/95b38e446f43-1983-mercedes-benz-r-107-sl-380-in-de-16562-bergfelde,https://www.kickdown.com/en/postings/bb17603f37fa-1977-mercedes-benz-r107-sl450-in-51069-koeln,https://www.kickdown.com/en/postings/688c63575685-1992-mercedes-benz-r129-in-82487-oberammergau,https://www.kickdown.com/en/postings/862f6c8a7fa4-1996-mercedes-benz-r-129-sl-500-in-de-56410-montabaur,https://www.kickdown.com/en/postings/941df3be9c32-2002-mercedes-benz-r230-in-84028-landshut,https://www.kickdown.com/en/postings/164a4c9cd10f-1988-mercedes-benz-s-300-in-45276-essen,https://www.kickdown.com/en/postings/cd87b8dc52ac-1993-mercedes-benz-sl-in-27576-bremerhaven,https://www.kickdown.com/en/postings/b35aafd2464e-2001-mercedes-benz-r170-in-91126-schwabach,https://www.kickdown.com/en/postings/b8d4cb662ac5-1991-mercedes-benz-steyr-puch-in-79227-schallstad,https://www.kickdown.com/en/postings/94f5fa2f9097-1968-mercedes-benz-w108-in-93057-regensburg,https://www.kickdown.com/en/postings/bf0c6a82ccd4-0-mercedes-benz-w111-in-86150-augsburg,https://www.kickdown.com/en/postings/cdf0e04edb26-1969-mercedes-benz-w113-280-sl-pagode-in-lampertheim,https://www.kickdown.com/en/postings/548e63b5e5bb-1965-mercedes-benz-w113-in-21258-heidenau
https://www.kickdown.com/en/postings/544df92ed4cb-2019-porsche-718-spyder-in-de-01189-dresden,https://www.kickdown.com/en/postings/2c2d43ff75f5-1990-porsche-944-s2-in-54292-trier,https://www.kickdown.com/en/postings/a0bcc4cbfa69-1957-porsche-356-in-augsburg,https://www.kickdown.com/en/postings/d465d3e784dd-1962-porsche-356-b-1600-super-90-in-61476-kronberg,https://www.kickdown.com/en/postings/7e0913daa27c-1963-porsche-porsche-356-in-dresden,https://www.kickdown.com/en/postings/3ef2f189aa0c-1967-porsche-911-2-0t-in-10589-berlin,https://www.kickdown.com/en/postings/b75e25de882c-1970-porsche-2-2-t-in-49377-vechta,https://www.kickdown.com/en/postings/46941117cdb3-0-porsche-911-in-86150-augsburg,https://www.kickdown.com/en/postings/8d6f0e07f4e5-1985-porsche-porsche-911-in-leverkusen,https://www.kickdown.com/en/postings/2c23bb918890-1986-porsche-930-turbo-in-altheim,https://www.kickdown.com/en/postings/5465ead9124f-1988-porsche-930-in-93080-pentling,https://www.kickdown.com/en/postings/40c2e3694000-1988-porsche-930-turbo-cabrio-in-41460-neuss,https://www.kickdown.com/en/postings/e0393ec70c11-1993-porsche-911-964-wtl-in-24860-uelsby,https://www.kickdown.com/en/postings/c64019b9dabf-1996-porsche-993-in-hamburg,https://www.kickdown.com/en/postings/9bc0090555c1-2000-porsche-996-in-54538-berlin,https://www.kickdown.com/en/postings/9fcbe94af767-1999-porsche-911-996-gt3-cup-in-de-85232-bergkirchen,https://www.kickdown.com/en/postings/cad72b1d32e1-1992-porsche-996-in-35394-giessen,https://www.kickdown.com/en/postings/7b4a2eefb67a-2008-porsche-997-in-44869-bochum,https://www.kickdown.com/en/postings/cca121d2f228-1985-porsche-911-in-12587-berlin,https://www.kickdown.com/en/postings/d6133da07c5b-1974-porsche-911-carrera-in-83607-holzkirchen,https://www.kickdown.com/en/postings/6fcd2ffe6a48-1985-porsche-911-carrera-3-2-in-28870-bremen,https://www.kickdown.com/en/postings/b68a2ddd3541-1986-porsche-porsche-911-g-modell-in-hamminkeln,https://www.kickdown.com/en/postings/d73561472408-1979-porsche-911-in-70186-stuttgart,https://www.kickdown.com/en/postings/f55379e015fc-1975-porsche-911-2-7-s-in-nettetal,https://www.kickdown.com/en/postings/2c5564e6c347-1972-porsche-911t-in-72535-heroldstatt,https://www.kickdown.com/en/postings/fd478d8ead0b-0-porsche-914-in-86150-augsburg,https://www.kickdown.com/en/postings/c1f7dc09970e-1992-porsche-928-in-stuttgart,https://www.kickdown.com/en/postings/97d1aea33386-1984-porsche-928-s-in-altheim,https://www.kickdown.com/en/postings/afac1c9bdadf-1990-porsche-964-c2-in-70839-gerlingen,https://www.kickdown.com/en/postings/2220d2835d0c-1990-porsche-964-c2-in-96129-bischberg,https://www.kickdown.com/en/postings/c4bae12bd148-1991-porsche-964-c4-in-20357-hamburg
https://www.kickdown.com/en/postings/7b128d6c3a7d-1986-opel-scirocco-in-52499-baesweiler,https://www.kickdown.com/en/postings/016c4c710632-1992-volkswagen-golf-2-vr6-turbo-in-2222-bad-pirawarth,https://www.kickdown.com/en/postings/ecc720b76878-1987-volkswagen-golf-ii-in-94124-buechlberg,https://www.kickdown.com/en/postings/c87996810e85-2003-volkswagen-golf-in-4973-st-martin-im-innkreis,https://www.kickdown.com/en/postings/190b4e7d1dc1-1973-volkswagen-1303-ls-in-95100-selb,https://www.kickdown.com/en/postings/008ad912ad94-1970-volkswagen-kaefer-in-54349-trittenheim,https://www.kickdown.com/en/postings/5c248a3a6e91-1973-volkswagen-kaefer-in-59519-moehnesee,https://www.kickdown.com/en/postings/2e3d7f399151-1972-volkswagen-t2a-in-63071-offenbach-am-main,https://www.kickdown.com/en/postings/c23ec2eea193-1991-volkswagen-volkswagen-t2-in-14513-teltow,https://www.kickdown.com/en/postings/e332dc1aac38-1983-volkswagen-t3-camper-muennich-ausstattung-in-3003-gablitz,https://www.kickdown.com/en/postings/3225fd043a1e-1976-volkswagen-apal-l-in-18107-elmenhorst,https://www.kickdown.com/en/postings/dab2000ce5b9-2017-volkswagen-beetle-in-de-64569-nauheim,https://www.kickdown.com/en/postings/a5cc3e51b146-1989-volkswagen-corrado-in-38114-braunschweig,https://www.kickdown.com/en/postings/ead3eb3db9f4-1991-volkswagen-golf-in-88441-mittelbiberach,https://www.kickdown.com/en/postings/48bb86c5347e-1990-volkswagen-golf-1-cabrio-in-hamburg,https://www.kickdown.com/en/postings/1000c60ddecf-1985-volkswagen-golf-cabrio-in-48317-drensteinfurt,https://www.kickdown.com/en/postings/9f0c1dd71129-1976-volkswagen-golf-i-in-hamburg,https://www.kickdown.com/en/postings/17d2a468a2c7-1983-volkswagen-golf-gti-in-93152-nittendorf,https://www.kickdown.com/en/postings/e5aa2a443694-1983-volkswagen-golf-gti-in-56637-plaidt,https://www.kickdown.com/en/postings/f59c5d176dee-1979-volkswagen-golf-in-75179-pforzheim,https://www.kickdown.com/en/postings/aa7597e9daf0-1987-volkswagen-golf-cabrio-in-hennef,https://www.kickdown.com/en/postings/b6faa7dd2dc6-1990-volkswagen-golf-2-in-saarbruecken,https://www.kickdown.com/en/postings/577005ff823c-1992-volkswagen-golf-gti-in-menden,https://www.kickdown.com/en/postings/a405f600f899-1989-volkswagen-golf-2-gti-in-33449-langenberg,https://www.kickdown.com/en/postings/dd6fd35cd812-1990-volkswagen-golf-in-44866-bochum,https://www.kickdown.com/en/postings/951fc283a9ed-1983-volkswagen-kaefer-1200-l-in-76139-karlsruhe,https://www.kickdown.com/en/postings/6315cd9b673e-1957-volkswagen-1200-kaefer-ovali-in-90431-nuernberg,https://www.kickdown.com/en/postings/c5b14a106e4b-1956-volkswagen-kaefer-ovali-in-nuernberg,https://www.kickdown.com/en/postings/e13a31196793-1961-volkswagen-kaefer-in-rheinbreitbach,https://www.kickdown.com/en/postings/ae626233546c-1968-volkswagen-kaefer-in-60528-frankfurt,https://www.kickdown.com/en/postings/4d9e01beaad0-1970-volkswagen-kaefer-1302-in-offenburg,https://www.kickdown.com/en/postings/d21a167cb741-1978-volkswagen-kaefer-1303-cabrio-in-heidelberg
